<editors>

    <!-- Bridge connected  -->
    <editor id="HCONNECT">
        <range uom="2" subset="0,1" />
    </editor>

    <!-- Color XY Value -->
    <editor id="HCLXY">
        <range uom="56" min="0" max="1" prec="4" />
    </editor>

    <!-- Color RGB Value -->
    <editor id="HCLRGB">
        <range uom="56" min="0" max="255" step="1" prec="0" />
    </editor>

    <!-- Brightness -->
    <editor id="HCLST">
        <range uom="51" min="0" max="100" prec="0" />
    </editor>

    <!-- Color Selector -->
    <editor id="HCSEL">
        <range uom="25" subset="1-24" nls="COLORS_HCSEL" />
    </editor>
    
    <!-- Alert Selector -->
    <editor id="HASEL">
        <range uom="25" subset="1-3" nls="ALERTS_HASEL" />
    </editor>
    
    <!-- Effect Selector -->
    <editor id="HESEL">
        <range uom="25" subset="1-2" nls="EFFECTS_HESEL" />
    </editor>
    
    <!-- Hue Editor -->
    <editor id="HCLHUE">
        <range uom="56" min="0" max="65535" prec="0" step="1" />
    </editor>

    <!-- Saturation Editor -->
    <editor id="HCLSAT">
        <range uom="56" min="0" max="254" prec="0" step="1" />
    </editor>

    <!-- Brightness Editor -->
    <editor id="HCLBRI">
        <range uom="56" min="1" max="254" prec="0" step="1" />
    </editor>

    <!-- Hue Kelvin Editor -->
    <editor id="HKELVIN">
        <range uom="26" min="2000" max="6500" prec="0" step="1" />
    </editor>
    
    <!-- Hue Duration Editor -->
    <editor id="HDURATION">
        <range uom="42" min="0" max="3000" prec="0" step="100" />
    </editor>
        
</editors>
